<?xml version="1.0" encoding="utf-8"?><App xmlns="http://schemas.microsoft.com/sharepoint/2012/app/manifest" Name="cloudhadi-service-portal-client-side-solution" ProductID="581aa089-8312-4ec3-9a50-5c3442cb18df" SharePointMinVersion="16.0.0.0" IsClientSideSolution="true" Version="1.0.0.0" SkipFeatureDeployment="true" IsDomainIsolated="false"><Properties><Title>cloudhadi-service-portal-client-side-solution</Title><DeveloperProperties>{&quot;name&quot;:&quot;&quot;,&quot;websiteUrl&quot;:&quot;&quot;,&quot;privacyUrl&quot;:&quot;&quot;,&quot;termsOfUseUrl&quot;:&quot;&quot;,&quot;mpnId&quot;:&quot;Undefined-1.17.3&quot;}</DeveloperProperties><ShortDescription><LocalizedString CultureName="default">cloudhadi-service-portal description</LocalizedString></ShortDescription><LongDescription><LocalizedString CultureName="default">cloudhadi-service-portal description</LocalizedString></LongDescription><Screenshots></Screenshots></Properties></App>