{
  "$schema": "https://developer.microsoft.com/json-schemas/sp/v2/row-formatting.schema.json",
  "debugMode": true,
  "hideSelection": true,
  "hideColumnHeader": true,
  "rowFormatter": {
    "elmType": "div",
    "attributes": {
      "class": "ms-borderColor-neutralLight"
    },
    "style": {
      "display": "flex",
      "box-sizing": "border-box",
      "width": "100%",
      "border-width": "1px",
      "border-color": "#a9a9a9",
      "border-style": "solid",
      "padding": "0 0 0 20px",
      "margin-bottom": "10px",
      "align-items": "stretch",
      "padding-bottom": "3px",
      "overflow": "auto"
    },
    "children": [
      {
        "elmType": "div",
        "style": {
          "flex": "1 1 300px",
          "display": "flex",
          "flex-wrap": "wrap",
          "width": "100%"
        },
        "children": [
          {
            "elmType": "div",
            "style": {
              "flex": "1 1 300px",
              "box-sizing": "border-box",
              "padding-top": "10px"
            },
            "children": [
              {
                "elmType": "span",
                "style": {
                  "line-max-height": "1.5em",
                  "margin-bottom": "1em",
                  "color": "#fa8072",
                  "background-color": "transparent",
                  "cursor": "none",
                  "text-decoration": "none",
                  "font-size": "21px",
                  "width": "80%"
                },
                "txtContent": "=[$FileLeafRef]"
              },
              {
                "elmType": "span",
                "attributes": {
                  "iconName": "separator"
                },
                "style": {
                  "font-size": "24px",
                  "padding-left": "5px",
                  "padding-top": "5px",
                  "position": "absolute",
                  "width": "20%",
                  "color": "#fa8072",
                  "font-weight": "500"
                }
              },
              {
                "elmType": "span",
                "style": {
                  "line-max-height": "1.5em",
                  "margin-bottom": "1em",
                  "border": "0",
                  "padding-left": "40px",
                  "color": "#fa8072",
                  "background-color": "transparent",
                  "cursor": "pointer",
                  "text-decoration": "none",
                  "font-size": "21px",
                  "width": "80%"
                },
                "txtContent": "[$ProductName]"
              },
              {
                "elmType": "span",
                "attributes": {
                  "iconName": "separator"
                },
                "style": {
                  "font-size": "24px",
                  "padding-left": "5px",
                  "padding-top": "5px",
                  "position": "absolute",
                  "width": "20%",
                  "color": "#fa8072",
                  "font-weight": "500"
                }
              },
              {
                "elmType": "span",
                "style": {
                  "line-max-height": "1.5em",
                  "margin-bottom": "1em",
                  "border": "0",
                  "padding-left": "40px",
                  "color": "#fa8072",
                  "background-color": "transparent",
                  "cursor": "pointer",
                  "text-decoration": "none",
                  "font-size": "21px",
                  "width": "80%"
                },
                "txtContent": "='Product Type: '+[$ProductType]+'  '"
              },
              {
                "elmType": "span",
                "attributes": {
                  "iconName": "separator"
                },
                "style": {
                  "font-size": "24px",
                  "padding-left": "5px",
                  "padding-top": "5px",
                  "position": "absolute",
                  "width": "20%",
                  "color": "#fa8072",
                  "font-weight": "500"
                }
              },
              {
                "elmType": "span",
                "style": {
                  "line-max-height": "1.5em",
                  "margin-bottom": "1em",
                  "border": "0",
                  "padding-left": "40px",
                  "color": "#fa8072",
                  "background-color": "transparent",
                  "cursor": "pointer",
                  "text-decoration": "none",
                  "font-size": "21px",
                  "width": "80%"
                },
                "txtContent": "='Document Type: '+[$DocumentType]"
              },
              {
                "elmType": "div",
                "attributes": {
                  "class": "ms-fontSize-m"
                },
                "style": {
                  "line-max-height": "1.5em",
                  "padding-bottom": "8px",
                  "padding-top": "20px"
                },
                "children": [
                  {
                    "elmType": "span",
                    "style": {
                      "font-style": "italic",
                      "color": "#0078D4"
                    },
                    "txtContent": "Document Type: "
                  },
                  {
                    "elmType": "span",
                    "style": {},
                    "txtContent": "[$DocumentType]"
                  },
                  {
                    "elmType": "span",
                    "style": {
                      "font-style": "italic",
                      "color": "#0078D4"
                    },
                    "txtContent": " Product Executive: "
                  },
                  {
                    "elmType": "span",
                    "attributes": {
                      "class": "ms-fontColor-neutralPrimary"
                    },
                    "txtContent": "[$Author.Title]"
                  },
                  {
                    "elmType": "span",
                    "style": {
                      "font-style": "italic",
                      "color": "#0078D4"
                    },
                    "txtContent": " Review Date: "
                  },
                  {
                    "elmType": "span",
                    "txtContent": "= toLocaleDateString([$ReviewDate]) "
                  }
                ]
              },
              {
                "elmType": "div",
                "attributes": {
                  "class": "ms-fontSize-m"
                },
                "style": {
                  "line-max-height": "1.5em",
                  "margin-bottom": "8px"
                },
                "children": [
                  {
                    "elmType": "span",
                    "style": {
                      "font-style": "italic",
                      "color": "#0078D4"
                    },
                    "txtContent": " Product Lead: "
                  },
                  {
                    "elmType": "span",
                    "attributes": {
                      "class": "ms-fontColor-neutralPrimary"
                    },
                    "txtContent": "[$ProductLead.Title]"
                  },
                  {
                    "elmType": "span",
                    "style": {
                      "font-style": "italic",
                      "color": "#0078D4"
                    },
                    "txtContent": " Inspection Lead: "
                  },
                  {
                    "elmType": "span",
                    "txtContent": "[$InspectionLead.Title]"
                  }
                ]
              }
            ]
          }
        ]
      },
      {
        "elmType": "div",
        "style": {
          "flex-directon": "row",
          "display": "=if([$ProductStatus] == 'Pending' || [$ProductStatus] == 'Approved' || [$ProductStatus] == 'Rejected', 'inherit','none')",
          "justify-content": "left",
          "align-items": "center",
          "flex-wrap": "nowrap",
          "padding-top": "50px",
          "padding-right": "10px"
        },        "children": [
          {
            "elmType": "div",
            "style": {
              "display": "=if([$ProductStatus] == 'Pending' || [$ProductStatus] == '', 'inherit','none')",
              "flex-directon": "row",
              "justify-content": "left",
              "align-items": "center",
              "flex-wrap": "wrap"
            },
            "children": [
              {
                "elmType": "button",
                "customRowAction": {
                  "action": "setValue",
                  "actionInput": {
                    "ProductStatus": "Approved"
                  }
                },
                "attributes": {
                  "class": "ms-fontColor-themePrimary ms-fontColor-themeDarker--hover"
                },
                "style": {
                  "background-color": "transparent",
                  "border": "none",
                  "width": "110px",
                  "cursor": "pointer",
                  "flex-directon": "row",
                  "justify-content": "left",
                  "align-items": "center",
                  "flex-wrap": "wrap",
                  "font-size": "18px",
                  "color": "#008000"
                },
                "children": [
                  {
                    "elmType": "span",
                    "attributes": {
                      "iconName": "SkypeCircleCheck"
                    },
                    "style": {
                      "padding": "4px"
                    }
                  },
                  {
                    "elmType": "span",
                    "txtContent": "Approve",
                    "style": {
                      "word-break": "keep-all"
                    }
                  }
                ]
              },
              {
                "elmType": "button",
                "customRowAction": {
                  "action": "setValue",
                  "actionInput": {
                    "ProductStatus": "Rejected"
                  }
                },
                "attributes": {
                  "class": "ms-fontColor-themePrimary ms-fontColor-themeDarker--hover"
                },
                "style": {
                  "border": "none",
                  "width": "110px",
                  "background-color": "transparent",
                  "cursor": "pointer",
                  "flex-directon": "row",
                  "justify-content": "left",
                  "align-items": "center",
                  "flex-wrap": "wrap",
                  "font-size": "18px",
                  "color": "#FF4500"
                },
                "children": [
                  {
                    "elmType": "span",
                    "attributes": {
                      "iconName": "Blocked"
                    },
                    "style": {
                      "padding": "4px"
                    }
                  },
                  {
                    "elmType": "span",
                    "txtContent": "Reject",
                    "style": {
                      "word-break": "keep-all"
                    }
                  }
                ]
              }
            ]
          },
          {
            "elmType": "div",
            "style": {
              "padding-right": "20px"
            },
            "children": [
              {
                "elmType": "span",
                "attributes": {
                  "iconName": "tasklogo"
                },
                "style": {
                  "display": "=if([$ProductStatus] == 'Pending' ||[$ProductStatus] == '' , 'none','inherit')",
                  "padding-top": "4px",
                  "padding-left": "20px",
                  "font-size": "20px",
                  "color": "=if([$ProductStatus] == 'Approved' ||[$ProductStatus] == '' , '#008000','#FF4500')",
                  "float": "left"
                }
              },
              {
                "elmType": "span",
                "txtContent": "=if([$ProductStatus] == 'Rejected', 'Rejected', 'Approved'",
                "style": {
                  "display": "=if([$ProductStatus] == 'Pending' ||[$ProductStatus] == '' , 'none','inherit')",
                  "padding-left": "5px",
                  "color": "=if([$ProductStatus] == 'Approved' ||[$ProductStatus] == '' , '#008000','#FF4500')",
                  "font-weight": "400",
                  "font-size": "20px",
                  "float": "left",
                  "word-break": "keep-all"
                }
              }
            ]
          }
        ]
      }
    ]
  }
}
