{
        "elmType": "div",
        "style": {
          "flex-directon": "row",
          "display": "=if([$ProductStatus] == 'Completed' || [$ProductStatus] == 'Approved' || [$ProductStatus] == 'Rejected', 'inherit','none')",
          "justify-content": "left",
          "align-items": "center",
          "flex-wrap": "nowrap",
          "padding-top": "50px",
          "padding-right": "10px"
        },
        "children": [
          {
            "elmType": "div",
            "style": {
              "display": "=if([$ProductStatus] == 'Approved' || [$ProductStatus] == '', 'inherit','none')",
              "flex-directon": "row",
              "justify-content": "left",
              "align-items": "center",
              "flex-wrap": "wrap"
            },
            "children": [
              {
                "elmType": "button",
                "customRowAction": {
                  "action": "setValue",
                  "actionInput": {
                    "ProductStatus": "Completed"
                  }
                },
                "attributes": {
                  "class": "ms-fontColor-themePrimary ms-fontColor-themeDarker--hover"
                },
                "style": {
                  "background-color": "transparent",
                  "border": "none",
                  "width": "120px",
                  "cursor": "pointer",
                  "flex-directon": "row",
                  "justify-content": "left",
                  "align-items": "center",
                  "flex-wrap": "wrap",
                  "font-size": "18px",
                  "color": "#008000"
                },
                "children": [
                  {
                    "elmType": "span",
                    "attributes": {
                      "iconName": "SkypeCircleCheck"
                    },
                    "style": {
                      "padding": "4px"
                    }
                  },
                  {
                    "elmType": "span",
                    "txtContent": "Complete",
                    "style": {
                      "word-break": "keep-all"
                    }
                  }
                ]
              },
              {
                "elmType": "button",
                "customRowAction": {
                  "action": "setValue",
                  "actionInput": {
                    "ProductStatus": "Rejected"
                  }
                },
                "attributes": {
                  "class": "ms-fontColor-themePrimary ms-fontColor-themeDarker--hover"
                },
                "style": {
                  "border": "none",
                  "width": "110px",
                  "background-color": "transparent",
                  "cursor": "pointer",
                  "flex-directon": "row",
                  "justify-content": "left",
                  "align-items": "center",
                  "flex-wrap": "wrap",
                  "font-size": "18px",
                  "color": "#FF4500"
                },
                "children": [
                  {
                    "elmType": "span",
                    "attributes": {
                      "iconName": "Blocked"
                    },
                    "style": {
                      "padding": "4px"
                    }
                  },
                  {
                    "elmType": "span",
                    "txtContent": "Reject",
                    "style": {
                      "word-break": "keep-all"
                    }
                  }
                ]
              }
            ]
          },
          {
            "elmType": "div",
            "style": {
              "padding-right": "20px"
            },
            "children": [
              {
                "elmType": "span",
                "attributes": {
                  "iconName": "tasklogo"
                },
                "style": {
                  "display": "=if([$ProductStatus] == 'Approved' ||[$ProductStatus] == '' , 'none','inherit')",
                  "padding-top": "4px",
                  "padding-left": "20px",
                  "font-size": "20px",
                  "color": "=if([$ProductStatus] == 'Completed' ||[$ProductStatus] == '' , '#008000','#FF4500')",
                  "float": "left"
                }
              },
              {
                "elmType": "span",
                "txtContent": "=if([$ProductStatus] == 'Rejected', 'Rejected', 'Approved'",
                "style": {
                  "display": "=if([$ProductStatus] == 'Approved' ||[$ProductStatus] == '' , 'none','inherit')",
                  "padding-left": "5px",
                  "color": "=if([$ProductStatus] == 'Completed' ||[$ProductStatus] == '' , '#008000','#FF4500')",
                  "font-weight": "400",
                  "font-size": "20px",
                  "float": "left",
                  "word-break": "keep-all"
                }
              }
            ]
          }
        ]
      }
