{
    "elmType": "div",
    "style": {
        "width": "99%",
        "background-color": "#0078D4",
        "margin-bottom": "20px",
        "height": "80px"
    },
    "children": [
        {
            "elmType": "div",
            "txtContent": "=if([$ProductName] == '', 'New Product', 'Product - ' + [$ProductName])",
            "style": {
                "display": "flex",
                "color": "white",
                "font-size": "28px",
                "padding-left": "20px"
            }
        }
    ]
}
