{
  "id": "834587f7-a508-42d8-b6ff-65fe9790d84d",
  "alias": "CloudhadiServicePortalWebPart",
  "componentType": "WebPart",
  "version": "0.0.1",
  "manifestVersion": 2,
  "requiresCustomScript": false,
  "supportedHosts": [
    "SharePointWebPart",
    "TeamsPersonalApp",
    "TeamsTab",
    "SharePointFullPage"
  ],
  "supportsThemeVariants": true,
  "preconfiguredEntries": [
    {
      "groupId": "5c03119e-3074-46fd-976b-c60198311f70",
      "group": {
        "default": "Advanced"
      },
      "title": {
        "default": "cloudhadi-service-portal"
      },
      "description": {
        "default": "cloudhadi-service-portal description"
      },
      "officeFabricIconFontName": "Page",
      "properties": {
        "description": "cloudhadi-service-portal"
      }
    }
  ],
  "loaderConfig": {
    "internalModuleBaseUrls": [
      "<!-- PATH TO CDN -->"
    ],
    "entryModuleId": "cloudhadi-service-portal-web-part",
    "scriptResources": {
      "cloudhadi-service-portal-web-part": {
        "type": "path",
        "path": "cloudhadi-service-portal-web-part_2f78875135ba6f3bef37.js"
      },
      "@microsoft/sp-property-pane": {
        "type": "component",
        "id": "f9e737b7-f0df-4597-ba8c-3060f82380db",
        "version": "1.17.3"
      },
      "@microsoft/sp-core-library": {
        "type": "component",
        "id": "7263c7d0-1d6a-45ec-8d85-d4d1d234171b",
        "version": "1.17.3"
      },
      "CloudhadiServicePortalWebPartStrings": {
        "type": "path",
        "path": "CloudhadiServicePortalWebPartStrings_en-us_e84a0fe2b865fd9c425e31df5e2d7961.js"
      },
      "@microsoft/sp-webpart-base": {
        "type": "component",
        "id": "974a7777-0990-4136-8fa6-95d80114c2e0",
        "version": "1.17.3"
      },
      "react": {
        "type": "component",
        "id": "0d910c1c-13b9-4e1c-9aa4-b008c5e42d7d",
        "version": "17.0.1"
      },
      "react-dom": {
        "type": "component",
        "id": "aa0a46ec-1505-43cd-a44a-93f3a5aa460a",
        "version": "17.0.1"
      }
    }
  }
}