{
  "@microsoft/generator-sharepoint": {
    "plusBeta": false,
    "isCreatingSolution": true,
    "nodeVersion": "16.13.0",
    "sdksVersions": {
      "@microsoft/microsoft-graph-client": "3.0.2",
      "@microsoft/teams-js": "2.9.1"
    },
    "version": "1.17.3",
    "libraryName": "cloudhadi-service-portal",
    "libraryId": "581aa089-8312-4ec3-9a50-5c3442cb18df",
    "environment": "spo",
    "packageManager": "npm",
    "solutionName": "cloudhadi-service-portal",
    "solutionShortDescription": "cloudhadi-service-portal description",
    "skipFeatureDeployment": true,
    "isDomainIsolated": false,
    "componentType": "webpart"
  }
}
