{"name":"f7de35f2-ef71-4dd3-a7b6-c63f6c138402","id":"/providers/Microsoft.Flow/flows/f7de35f2-ef71-4dd3-a7b6-c63f6c138402","type":"Microsoft.Flow/flows","properties":{"apiId":"/providers/Microsoft.PowerApps/apis/shared_logicflows","displayName":"Product Data Approval","definition":{"metadata":{"workflowEntityId":null,"processAdvisorMetadata":null,"flowChargedByPaygo":null,"flowclientsuspensionreason":"None","flowclientsuspensiontime":null,"flowclientsuspensionreasondetails":null,"creator":{"id":"a0af0621-143a-4d63-9cad-5ad3a3e1295d","type":"User","tenantId":"fb7cb6fd-9f0b-4c6f-8018-dc7c8634f26d"},"provisioningMethod":"FromDefinition","failureAlertSubscription":true,"clientLastModifiedTime":"2023-06-12T05:53:55.4984884Z"},"$schema":"https://schema.management.azure.com/providers/Microsoft.Logic/schemas/2016-06-01/workflowdefinition.json#","contentVersion":"1.0.0.0","parameters":{"$connections":{"defaultValue":{},"type":"Object"},"$authentication":{"defaultValue":{},"type":"SecureObject"}},"triggers":{"When_an_item_or_a_file_is_modified":{"recurrence":{"frequency":"Minute","interval":1},"splitOn":"@triggerOutputs()?['body/value']","metadata":{"operationMetadataId":"9c4490a7-603a-47ed-bfda-ca54bb84c328"},"type":"OpenApiConnection","inputs":{"host":{"apiId":"/providers/Microsoft.PowerApps/apis/shared_sharepointonline","connectionName":"shared_sharepointonline","operationId":"GetOnChangedItems"},"parameters":{"dataset":"https://cloudhadi.sharepoint.com/sites/Workplace","table":"9aedd865-ecda-41c9-a1ec-bfddefed3ae2"},"authentication":"@parameters('$authentication')"}}},"actions":{"Initialize_constants":{"runAfter":{},"metadata":{"operationMetadataId":"f99b9cdf-3867-48e6-9768-b2cf866a2dc1"},"type":"InitializeVariable","inputs":{"variables":[{"name":"Constants","type":"object","value":{"SiteAddress":"https://cloudhadi.sharepoint.com/sites/Workplace","ListName":"Product Data","ExecutiveEmail":"@{triggerOutputs()?['body/Editor/Email']}","ExecutiveName":"@{triggerOutputs()?['body/Editor/DisplayName']}"}}]}},"Get_changes_for_product_status":{"runAfter":{"Parse_JSON":["Succeeded"]},"metadata":{"operationMetadataId":"4013b603-1704-4ef3-a1a4-26550b1ddcdb"},"type":"OpenApiConnection","inputs":{"host":{"apiId":"/providers/Microsoft.PowerApps/apis/shared_sharepointonline","connectionName":"shared_sharepointonline","operationId":"GetItemChanges"},"parameters":{"dataset":"@body('Parse_JSON')?['SiteAddress']","table":"@body('Parse_JSON')?['ListName']","id":"@triggerOutputs()?['body/ID']","since":"@sub(int(triggerOutputs()?['body/{VersionNumber}']),1)","includeDrafts":true},"authentication":"@parameters('$authentication')"}},"Condition_on_product_status_change":{"actions":{"Switch_product_status":{"runAfter":{},"cases":{"Case_pending":{"case":"Pending","actions":{"Send_an_HTTP_request_to_break_permission_inheritance":{"runAfter":{},"type":"OpenApiConnection","inputs":{"host":{"apiId":"/providers/Microsoft.PowerApps/apis/shared_sharepointonline","connectionName":"shared_sharepointonline","operationId":"HttpRequest"},"parameters":{"dataset":"@body('Parse_JSON')?['SiteAddress']","parameters/method":"POST","parameters/uri":"/_api/web/lists/getByTitle('@{body('Parse_JSON')?['ListName']}')/items(@{triggerOutputs()?['body/ID']})/breakroleinheritance(copyRoleAssignments=false, clearSubscopes=true)"},"authentication":"@parameters('$authentication')"}},"Grant_access_to_document_for_product_lead_edit":{"runAfter":{"Send_an_HTTP_request_to_break_permission_inheritance":["Succeeded"]},"type":"OpenApiConnection","inputs":{"host":{"apiId":"/providers/Microsoft.PowerApps/apis/shared_sharepointonline","connectionName":"shared_sharepointonline","operationId":"GrantAccess"},"parameters":{"dataset":"@body('Parse_JSON')?['SiteAddress']","table":"@body('Parse_JSON')?['ListName']","id":"@triggerOutputs()?['body/ID']","parameter/recipients":"@triggerOutputs()?['body/ProductLead/Email']","parameter/roleValue":"role:1073741827"},"authentication":"@parameters('$authentication')"}},"Grant_access_to_document_for_product_executive_view":{"runAfter":{"Grant_access_to_document_for_product_lead_edit":["Succeeded"]},"type":"OpenApiConnection","inputs":{"host":{"apiId":"/providers/Microsoft.PowerApps/apis/shared_sharepointonline","connectionName":"shared_sharepointonline","operationId":"GrantAccess"},"parameters":{"dataset":"@body('Parse_JSON')?['SiteAddress']","table":"@body('Parse_JSON')?['ListName']","id":"@triggerOutputs()?['body/ID']","parameter/recipients":"@triggerOutputs()?['body/Author/Email']","parameter/roleValue":"role:1073741826"},"authentication":"@parameters('$authentication')"}},"Send_an_email_for_product_lead_approval":{"runAfter":{"Compose_the_specific_document_link":["Succeeded"]},"type":"OpenApiConnection","inputs":{"host":{"apiId":"/providers/Microsoft.PowerApps/apis/shared_office365","connectionName":"shared_office365","operationId":"SendEmailV2"},"parameters":{"emailMessage/To":"@triggerOutputs()?['body/ProductLead/Email']","emailMessage/Subject":"The document @{triggerOutputs()?['body/{FilenameWithExtension}']} is pending for your Approval","emailMessage/Body":"<p>Hi @{triggerOutputs()?['body/ProductLead/DisplayName']},<br>\n<br>\nThe document @{triggerOutputs()?['body/{FilenameWithExtension}']} is pending for your Approval.<br>\n<br>\nPlease action it here<br>\n<br>\nTo view all your pending items, visit your <a href=\"@{outputs('Compose_document_dashboard_link')}\">Dashboard</a><br>\n</p>","emailMessage/Cc":"@triggerOutputs()?['body/Author/Email']","emailMessage/Importance":"Normal"},"authentication":"@parameters('$authentication')"}},"Compose_document_dashboard_link":{"runAfter":{"Grant_access_to_document_for_product_executive_view":["Succeeded"]},"type":"Compose","inputs":"@{body('Parse_JSON')?['SiteAddress']}/ProductData/Forms/ProductLeadDashboard.aspx"},"Compose_the_specific_document_link":{"runAfter":{"Compose_document_dashboard_link":["Succeeded"]},"type":"Compose","inputs":"@{outputs('Compose_document_dashboard_link')}?FilterField1=ID&FilterValue1=@{triggerOutputs()?['body/ID']}"}}},"Case_approved":{"case":"Approved","actions":{"Stop_sharing_the_document":{"runAfter":{},"type":"OpenApiConnection","inputs":{"host":{"apiId":"/providers/Microsoft.PowerApps/apis/shared_sharepointonline","connectionName":"shared_sharepointonline","operationId":"UnshareItem"},"parameters":{"dataset":"@body('Parse_JSON')?['SiteAddress']","table":"@body('Parse_JSON')?['ListName']","id":"@triggerOutputs()?['body/ID']"},"authentication":"@parameters('$authentication')"}},"Condition_inspection_lead":{"actions":{"Grant_access_to_document_for_inspection_lead_edit_":{"runAfter":{},"type":"OpenApiConnection","inputs":{"host":{"apiId":"/providers/Microsoft.PowerApps/apis/shared_sharepointonline","connectionName":"shared_sharepointonline","operationId":"GrantAccess"},"parameters":{"dataset":"@body('Parse_JSON')?['SiteAddress']","table":"@body('Parse_JSON')?['ListName']","id":"@triggerOutputs()?['body/ID']","parameter/recipients":"@triggerOutputs()?['body/InspectionLead/Email']","parameter/roleValue":"role:1073741827"},"authentication":"@parameters('$authentication')"}},"Grant_access_to_document_for_product_executive_view_2":{"runAfter":{"Grant_access_to_document_for_inspection_lead_edit_":["Succeeded"]},"type":"OpenApiConnection","inputs":{"host":{"apiId":"/providers/Microsoft.PowerApps/apis/shared_sharepointonline","connectionName":"shared_sharepointonline","operationId":"GrantAccess"},"parameters":{"dataset":"@body('Parse_JSON')?['SiteAddress']","table":"@body('Parse_JSON')?['ListName']","id":"@triggerOutputs()?['body/ID']","parameter/recipients":"@triggerOutputs()?['body/Author/Email']","parameter/roleValue":"role:1073741826"},"authentication":"@parameters('$authentication')"}},"Compose_document_dashboard_link_2":{"runAfter":{"Grant_access_to_document_for_product_executive_view_2":["Succeeded"]},"type":"Compose","inputs":"@{body('Parse_JSON')?['SiteAddress']}/ProductData/Forms/InspectionLeadDashboard.aspx"},"Compose_the_specific_document_link_2":{"runAfter":{"Compose_document_dashboard_link_2":["Succeeded"]},"type":"Compose","inputs":"@{outputs('Compose_document_dashboard_link_2')}?FilterField1=ID&FilterValue1=@{triggerOutputs()?['body/ID']}"},"Send_an_email_for_inspection_lead_approval":{"runAfter":{"Compose_the_specific_document_link_2":["Succeeded"]},"type":"OpenApiConnection","inputs":{"host":{"apiId":"/providers/Microsoft.PowerApps/apis/shared_office365","connectionName":"shared_office365","operationId":"SendEmailV2"},"parameters":{"emailMessage/To":"@triggerOutputs()?['body/InspectionLead/Email']","emailMessage/Subject":"The document @{triggerOutputs()?['body/{FilenameWithExtension}']} is pending for your Approval","emailMessage/Body":"<p>Hi @{triggerOutputs()?['body/InspectionLead/DisplayName']},<br>\n<br>\nThe document @{triggerOutputs()?['body/{FilenameWithExtension}']} is pending your Approval.<br>\n<br>\nPlease action it <a href=\"@{outputs('Compose_the_specific_document_link_2')}\">here</a><br>\n<br>\nTo view all your pending items, visit your <a href=\"@{outputs('Compose_document_dashboard_link_2')}\">Dashboard</a><br>\n</p>","emailMessage/Cc":"@{triggerOutputs()?['body/Author/Email']}; @{triggerOutputs()?['body/ProductLead/Email']}","emailMessage/Importance":"Normal"},"authentication":"@parameters('$authentication')"}}},"runAfter":{"Stop_sharing_the_document":["Succeeded"]},"else":{"actions":{"Scope_publish":{"actions":{"Grant_read_access_to_visitor_group":{"runAfter":{"Compose_group_id":["Succeeded"]},"type":"OpenApiConnection","inputs":{"host":{"apiId":"/providers/Microsoft.PowerApps/apis/shared_sharepointonline","connectionName":"shared_sharepointonline","operationId":"HttpRequest"},"parameters":{"dataset":"@body('Parse_JSON')?['SiteAddress']","parameters/method":"POST","parameters/uri":"_api/web/lists/getbytitle('@{body('Parse_JSON')?['ListName']}')/items(@{triggerOutputs()?['body/ID']})/roleassignments/addroleassignment(principalid=@{outputs('Compose_group_id')},roledefid=1073741826)"},"authentication":"@parameters('$authentication')"}},"Get_visitor_group_id":{"runAfter":{},"type":"OpenApiConnection","inputs":{"host":{"apiId":"/providers/Microsoft.PowerApps/apis/shared_sharepointonline","connectionName":"shared_sharepointonline","operationId":"HttpRequest"},"parameters":{"dataset":"@body('Parse_JSON')?['SiteAddress']","parameters/method":"GET","parameters/uri":"_api/web/siteGroups/getByName('Workplace Visitors')"},"authentication":"@parameters('$authentication')"}},"Compose_group_id":{"runAfter":{"Get_visitor_group_id":["Succeeded"]},"type":"Compose","inputs":"@body('Get_visitor_group_id')?['d']?['Id']"},"Set_content_approval_status":{"runAfter":{"Get_file_metadata":["Succeeded"]},"type":"OpenApiConnection","inputs":{"host":{"apiId":"/providers/Microsoft.PowerApps/apis/shared_sharepointonline","connectionName":"shared_sharepointonline","operationId":"SetApprovalStatus"},"parameters":{"dataset":"@body('Parse_JSON')?['SiteAddress']","table":"@body('Parse_JSON')?['ListName']","id":"@triggerOutputs()?['body/ID']","approvalAction":"Approve","comments":"","entityTag":"@outputs('Get_file_metadata')?['body/ETag']"},"authentication":"@parameters('$authentication')"}},"Get_file_metadata":{"runAfter":{"Grant_edit_access_to_executives_group":["Succeeded"]},"type":"OpenApiConnection","inputs":{"host":{"apiId":"/providers/Microsoft.PowerApps/apis/shared_sharepointonline","connectionName":"shared_sharepointonline","operationId":"GetFileMetadata"},"parameters":{"dataset":"@body('Parse_JSON')?['SiteAddress']","id":"@triggerOutputs()?['body/{Identifier}']"},"authentication":"@parameters('$authentication')"}},"Send_an_email_to_executive":{"runAfter":{"Set_content_approval_status":["Succeeded"]},"type":"OpenApiConnection","inputs":{"host":{"apiId":"/providers/Microsoft.PowerApps/apis/shared_office365","connectionName":"shared_office365","operationId":"SendEmailV2"},"parameters":{"emailMessage/To":"@triggerOutputs()?['body/Author/Email']","emailMessage/Subject":"The document @{triggerOutputs()?['body/{FilenameWithExtension}']} is now published","emailMessage/Body":"<p>Hi @{triggerOutputs()?['body/Author/DisplayName']},<br>\nAll the approvals for the document @{triggerOutputs()?['body/{FilenameWithExtension}']} is now completed and it is now published.<br>\n</p>","emailMessage/Cc":"@triggerOutputs()?['body/ProductLead/Email']","emailMessage/Importance":"Normal"},"authentication":"@parameters('$authentication')"}},"Get_executives_group_id":{"runAfter":{"Grant_read_access_to_visitor_group":["Succeeded"]},"type":"OpenApiConnection","inputs":{"host":{"apiId":"/providers/Microsoft.PowerApps/apis/shared_sharepointonline","connectionName":"shared_sharepointonline","operationId":"HttpRequest"},"parameters":{"dataset":"@body('Parse_JSON')?['SiteAddress']","parameters/method":"GET","parameters/uri":"_api/web/siteGroups/getByName('@{variables('Executives')}')"},"authentication":"@parameters('$authentication')"}},"Compose_group_id_executives":{"runAfter":{"Get_executives_group_id":["Succeeded"]},"type":"Compose","inputs":"@body('Get_executives_group_id')?['d']?['Id']"},"Grant_edit_access_to_executives_group":{"runAfter":{"Compose_group_id_executives":["Succeeded"]},"type":"OpenApiConnection","inputs":{"host":{"apiId":"/providers/Microsoft.PowerApps/apis/shared_sharepointonline","connectionName":"shared_sharepointonline","operationId":"HttpRequest"},"parameters":{"dataset":"@body('Parse_JSON')?['SiteAddress']","parameters/method":"POST","parameters/uri":"_api/web/lists/getbytitle('@{body('Parse_JSON')?['ListName']}')/items(@{triggerOutputs()?['body/ID']})/roleassignments/addroleassignment(principalid=@{outputs('Compose_group_id_executives')},roledefid= 1073741827)"},"authentication":"@parameters('$authentication')"}}},"runAfter":{},"type":"Scope"}}},"expression":{"and":[{"equals":["@triggerOutputs()?['body/InspectionRequired']",true]},{"not":{"equals":["@triggerOutputs()?['body/InspectionLead/Email']","@null"]}}]},"type":"If"}}},"Case_completed":{"case":"Completed","actions":{"Scope_publish_2":{"actions":{"Grant_read_access_to_visitor_group_2":{"runAfter":{"Compose_group_id_2":["Succeeded"]},"type":"OpenApiConnection","inputs":{"host":{"apiId":"/providers/Microsoft.PowerApps/apis/shared_sharepointonline","connectionName":"shared_sharepointonline","operationId":"HttpRequest"},"parameters":{"dataset":"@body('Parse_JSON')?['SiteAddress']","parameters/method":"POST","parameters/uri":"_api/web/lists/getbytitle('@{body('Parse_JSON')?['ListName']}')/items(@{triggerOutputs()?['body/ID']})/roleassignments/addroleassignment(principalid=@{outputs('Compose_group_id_2')},roledefid=1073741826)"},"authentication":"@parameters('$authentication')"}},"Grant_access_to_document_for_product_executive_edit_2":{"runAfter":{},"type":"OpenApiConnection","inputs":{"host":{"apiId":"/providers/Microsoft.PowerApps/apis/shared_sharepointonline","connectionName":"shared_sharepointonline","operationId":"GrantAccess"},"parameters":{"dataset":"@body('Parse_JSON')?['SiteAddress']","table":"@body('Parse_JSON')?['ListName']","id":"@triggerOutputs()?['body/ID']","parameter/recipients":"@triggerOutputs()?['body/Editor/Email']","parameter/roleValue":"role:1073741827"},"authentication":"@parameters('$authentication')"}},"Get_visitor_group_id_2":{"runAfter":{"Grant_access_to_document_for_product_executive_edit_2":["Succeeded"]},"type":"OpenApiConnection","inputs":{"host":{"apiId":"/providers/Microsoft.PowerApps/apis/shared_sharepointonline","connectionName":"shared_sharepointonline","operationId":"HttpRequest"},"parameters":{"dataset":"@body('Parse_JSON')?['SiteAddress']","parameters/method":"GET","parameters/uri":"_api/web/siteGroups/getByName('Workplace Visitors')"},"authentication":"@parameters('$authentication')"}},"Compose_group_id_2":{"runAfter":{"Get_visitor_group_id_2":["Succeeded"]},"type":"Compose","inputs":"@body('Get_visitor_group_id_2')?['d']?['Id']"},"Set_content_approval_status_2":{"runAfter":{"Get_file_metadata_2":["Succeeded"]},"type":"OpenApiConnection","inputs":{"host":{"apiId":"/providers/Microsoft.PowerApps/apis/shared_sharepointonline","connectionName":"shared_sharepointonline","operationId":"SetApprovalStatus"},"parameters":{"dataset":"@body('Parse_JSON')?['SiteAddress']","table":"@body('Parse_JSON')?['ListName']","id":"@triggerOutputs()?['body/ID']","approvalAction":"Approve","comments":"","entityTag":"@outputs('Get_file_metadata_2')?['body/ETag']"},"authentication":"@parameters('$authentication')"}},"Get_file_metadata_2":{"runAfter":{"Grant_edit_access_to_executives_group_2":["Succeeded"]},"type":"OpenApiConnection","inputs":{"host":{"apiId":"/providers/Microsoft.PowerApps/apis/shared_sharepointonline","connectionName":"shared_sharepointonline","operationId":"GetFileMetadata"},"parameters":{"dataset":"@body('Parse_JSON')?['SiteAddress']","id":"@triggerOutputs()?['body/{Identifier}']"},"authentication":"@parameters('$authentication')"}},"Send_an_email_to_executive_2":{"runAfter":{"Set_content_approval_status_2":["Succeeded"]},"type":"OpenApiConnection","inputs":{"host":{"apiId":"/providers/Microsoft.PowerApps/apis/shared_office365","connectionName":"shared_office365","operationId":"SendEmailV2"},"parameters":{"emailMessage/To":"@triggerOutputs()?['body/Author/Email']","emailMessage/Subject":"The document @{triggerOutputs()?['body/{FilenameWithExtension}']} is now published","emailMessage/Body":"<p>Hi @{triggerOutputs()?['body/Author/DisplayName']} ,<br>\nAll the approvals for the document @{triggerOutputs()?['body/{FilenameWithExtension}']} is now completed and it is now published.<br>\n</p>","emailMessage/Cc":"@{triggerOutputs()?['body/ProductLead/Email']}; @{triggerOutputs()?['body/InspectionLead/Email']}","emailMessage/Importance":"Normal"},"authentication":"@parameters('$authentication')"}},"Compose_group_id_executives_2":{"runAfter":{"Get_executives_group_id_2":["Succeeded"]},"type":"Compose","inputs":"@body('Get_executives_group_id_2')?['d']?['Id']"},"Get_executives_group_id_2":{"runAfter":{"Grant_read_access_to_visitor_group_2":["Succeeded"]},"type":"OpenApiConnection","inputs":{"host":{"apiId":"/providers/Microsoft.PowerApps/apis/shared_sharepointonline","connectionName":"shared_sharepointonline","operationId":"HttpRequest"},"parameters":{"dataset":"@body('Parse_JSON')?['SiteAddress']","parameters/method":"GET","parameters/uri":"_api/web/siteGroups/getByName('@{variables('Executives')}')"},"authentication":"@parameters('$authentication')"}},"Grant_edit_access_to_executives_group_2":{"runAfter":{"Compose_group_id_executives_2":["Succeeded"]},"type":"OpenApiConnection","inputs":{"host":{"apiId":"/providers/Microsoft.PowerApps/apis/shared_sharepointonline","connectionName":"shared_sharepointonline","operationId":"HttpRequest"},"parameters":{"dataset":"@body('Parse_JSON')?['SiteAddress']","parameters/method":"POST","parameters/uri":"_api/web/lists/getbytitle('@{body('Parse_JSON')?['ListName']}')/items(@{triggerOutputs()?['body/ID']})/roleassignments/addroleassignment(principalid='@{outputs('Compose_group_id_executives_2')}',roledefid= 1073741827)"},"authentication":"@parameters('$authentication')"}}},"runAfter":{"Stop_sharing_the_document_2":["Succeeded"]},"type":"Scope"},"Stop_sharing_the_document_2":{"runAfter":{},"type":"OpenApiConnection","inputs":{"host":{"apiId":"/providers/Microsoft.PowerApps/apis/shared_sharepointonline","connectionName":"shared_sharepointonline","operationId":"UnshareItem"},"parameters":{"dataset":"@body('Parse_JSON')?['SiteAddress']","table":"@body('Parse_JSON')?['ListName']","id":"@triggerOutputs()?['body/ID']"},"authentication":"@parameters('$authentication')"}}}},"Case_rejected":{"case":"Rejected","actions":{"Send_an_email_to_executive_3":{"runAfter":{"Grant_access_to_document_for_product_executive_edit_3":["Succeeded"]},"type":"OpenApiConnection","inputs":{"host":{"apiId":"/providers/Microsoft.PowerApps/apis/shared_office365","connectionName":"shared_office365","operationId":"SendEmailV2"},"parameters":{"emailMessage/To":"@triggerOutputs()?['body/Author/Email']","emailMessage/Subject":"The document @{triggerOutputs()?['body/{FilenameWithExtension}']} is rejected","emailMessage/Body":"<p>Hi @{triggerOutputs()?['body/Author/DisplayName']},<br>\n<br>\nThe document @{triggerOutputs()?['body/{FilenameWithExtension}']} is rejected by @{triggerOutputs()?['body/Editor/DisplayName']}. Please make changes and resubmit for approval, if required.</p>","emailMessage/Cc":"@triggerOutputs()?['body/Editor/Email']","emailMessage/Importance":"Normal"},"authentication":"@parameters('$authentication')"}},"Grant_access_to_document_for_product_executive_edit_3":{"runAfter":{"Stop_sharing_the_document_3":["Succeeded"]},"type":"OpenApiConnection","inputs":{"host":{"apiId":"/providers/Microsoft.PowerApps/apis/shared_sharepointonline","connectionName":"shared_sharepointonline","operationId":"GrantAccess"},"parameters":{"dataset":"@body('Parse_JSON')?['SiteAddress']","table":"@body('Parse_JSON')?['ListName']","id":"@triggerOutputs()?['body/ID']","parameter/recipients":"@triggerOutputs()?['body/Editor/Email']","parameter/roleValue":"role:1073741827"},"authentication":"@parameters('$authentication')"}},"Stop_sharing_the_document_3":{"runAfter":{},"type":"OpenApiConnection","inputs":{"host":{"apiId":"/providers/Microsoft.PowerApps/apis/shared_sharepointonline","connectionName":"shared_sharepointonline","operationId":"UnshareItem"},"parameters":{"dataset":"@body('Parse_JSON')?['SiteAddress']","table":"@body('Parse_JSON')?['ListName']","id":"@triggerOutputs()?['body/ID']"},"authentication":"@parameters('$authentication')"}}}}},"default":{"actions":{}},"expression":"@triggerOutputs()?['body/ProductStatus/Value']","metadata":{"operationMetadataId":"9939e54b-6a7c-4489-9551-2efe35378985"},"type":"Switch"}},"runAfter":{"Initialize_variable_executives":["Succeeded"]},"else":{"actions":{"Terminate_if_product_status_not_changed":{"runAfter":{},"metadata":{"operationMetadataId":"6815032e-808a-43e8-a423-3e3a8a5e6470"},"type":"Terminate","inputs":{"runStatus":"Cancelled"}}}},"expression":{"equals":["@outputs('Get_changes_for_product_status')?['body/ColumnHasChanged/ProductStatus']",true]},"metadata":{"operationMetadataId":"08af6ad2-9bd7-42f1-a7ab-b18032cdf92f"},"type":"If"},"Initialize_variable_executives":{"runAfter":{"Get_changes_for_product_status":["Succeeded"]},"metadata":{"operationMetadataId":"de8a79e0-5a41-47e2-83da-15c9b01cd738"},"type":"InitializeVariable","inputs":{"variables":[{"name":"Executives","type":"string","value":"@{concat(split(triggerOutputs()?['body/{Path}'], '/')[1],' Executives')}"}]}},"Parse_JSON":{"runAfter":{"Initialize_constants":["Succeeded"]},"metadata":{"operationMetadataId":"1b6bf011-017f-4736-a187-b003f5c6d6f2"},"type":"ParseJson","inputs":{"content":"@variables('Constants')","schema":{"type":"object","properties":{"SiteAddress":{"type":"string"},"ListName":{"type":"string"},"ExecutiveEmail":{"type":"string"},"ExecutiveName":{"type":"string"}}}}}}},"connectionReferences":{"shared_sharepointonline":{"connectionName":"a16093be7c5145bd88c674fb91fbea29","source":"Embedded","id":"/providers/Microsoft.PowerApps/apis/shared_sharepointonline","tier":"NotSpecified"},"shared_office365":{"connectionName":"shared-office365-37bdbd00-e438-415f-a4c1-72221ddc2ef6","source":"Embedded","id":"/providers/Microsoft.PowerApps/apis/shared_office365","tier":"NotSpecified"}},"flowFailureAlertSubscribed":false,"isManaged":false}}