{
  "$schema": "https://developer.microsoft.com/json-schemas/spfx-build/package-solution.schema.json",
  "solution": {
    "name": "cloudhadi-service-portal-client-side-solution",
    "id": "581aa089-8312-4ec3-9a50-5c3442cb18df",
    "version": "1.0.0.0",
    "includeClientSideAssets": true,
    "skipFeatureDeployment": true,
    "isDomainIsolated": false,
    "developer": {
      "name": "",
      "websiteUrl": "",
      "privacyUrl": "",
      "termsOfUseUrl": "",
      "mpnId": "Undefined-1.17.3"
    },
    "metadata": {
      "shortDescription": {
        "default": "cloudhadi-service-portal description"
      },
      "longDescription": {
        "default": "cloudhadi-service-portal description"
      },
      "screenshotPaths": [],
      "videoUrl": "",
      "categories": []
    },
    "features": [
      {
        "title": "cloudhadi-service-portal Feature",
        "description": "The feature that activates elements of the cloudhadi-service-portal solution.",
        "id": "a35ddae2-e848-4d2a-9c02-d3462ac98684",
        "version": "1.0.0.0"
      }
    ]
  },
  "paths": {
    "zippedPackage": "solution/cloudhadi-service-portal.sppkg"
  }
}
